insert into public.user (id, email, password, name, surname, phone, city, avatar_url) values ('69150c17-81f0-4f4a-bac9-8d0365000a15', 'murraywillie@example.org', 'x3EshQ(R^h', 'Wilkerson', 'Laura', '(725)212-8954x7390', 'Nixonberg', 'https://placekitten.com/998/493'),
('fa147e64-6204-499b-9719-67b1b14bed10', 'megan73@example.com', 'nXI4gHgql*', 'Adams', 'Tyler', '001-844-969-8733', 'Aaronton', 'https://picsum.photos/965/596'),
('c7117d09-7b74-432f-beeb-27cd9a02c8f8', 'sullivankirk@example.org', '9l4vPsit(g', 'Martin', 'George', '536-895-2888', 'Port Anthonyberg', 'https://dummyimage.com/803x529'),
('3c489792-7eb3-4f2b-b6c4-c696f1a424ce', 'john67@example.net', '_k18WBe_*7', 'Russell', 'Corey', '283.847.6028x9875', 'Lake Laurieview', 'https://placekitten.com/182/32'),
('ab46d1a8-b706-456a-8c9c-5f6cb705fbf1', 'bross@example.net', '(M)CWftw3w', 'Dennis', 'Christine', '+1-793-334-4929x00989', 'North Danielton', 'https://picsum.photos/87/447'),
('8273dc96-cc0e-4702-a6d4-31998e433cc3', 'johnsonheather@example.com', '!KTipOhv_2', 'Franklin', 'Heather', '(761)909-3076x4019', 'New Laurie', 'https://placekitten.com/414/840'),
('e2794f92-5e9f-4f2b-bcd9-bb3744bbd7c8', 'russelljose@example.org', '5sY^N8HnUg', 'Cain', 'Pamela', '4698370184', 'Lake Brittany', 'https://dummyimage.com/765x275'),
('44cc79ab-9369-45c4-bb2e-9e434c5107d4', 'jmartin@example.org', '#8E#CVd^7!', 'Walker', 'Steven', '(429)919-4590', 'Port Kristin', 'https://dummyimage.com/333x657'),
('48a79102-3302-4d67-a5a2-1385703b2115', 'hward@example.org', 'X6!OL_Zq&5', 'Warren', 'Douglas', '(630)692-0602x602', 'East Garychester', 'https://dummyimage.com/680x189'),
('6dffe0c9-df77-4263-b730-7dadbf4bbf5d', 'kenneth90@example.org', '%d9Tfh#a%6', 'Holmes', 'Jose', '248.448.3359', 'Scottchester', 'https://picsum.photos/625/666');

insert into public.school (id, name, description, owner_id) values ('4c4fae21-98c5-4a54-938e-d96e46500189', 'Foster, Santana and Jennings', 'Happen sell court surface drug one else. Different price full art mother nice. View up north talk reveal act open.
Soon toward visit than state.', '8273dc96-cc0e-4702-a6d4-31998e433cc3'),
('b64950ba-822e-4f8b-945f-fa989dbbe9fc', 'Huff-Harrington', 'History meet likely heart raise. Itself maintain from them bank room down.', '48a79102-3302-4d67-a5a2-1385703b2115'),
('69d677d3-7a7a-4de5-acaa-d11e980e9e99', 'Clay-Davidson', 'Past pretty factor beautiful physical. Agency anything continue range her. Head source believe ok not special time.
Size quite could south professional contain. Pressure any affect.', 'c7117d09-7b74-432f-beeb-27cd9a02c8f8'),
('6a806cd9-ab83-4141-8ca2-196bc67c03a6', 'Myers-Mcclain', 'Know choose base paper month any into anyone. Chance want something near response. Consider much left serious ago police factor.', '48a79102-3302-4d67-a5a2-1385703b2115'),
('30a43317-8d36-416b-b447-e189a8f1166f', 'Walker, Howard and Collins', 'Put issue instead husband. Power debate seek.
Job assume its receive buy. Gas nature something attention space. National Democrat this.', '69150c17-81f0-4f4a-bac9-8d0365000a15');

insert into public.course (id, name, school_id, level, price, language, status, rating) values ('7bfeedbf-dccf-4ad9-b8ed-90a16e05a338', 'Engineer, control and instrumentation', '69d677d3-7a7a-4de5-acaa-d11e980e9e99', 5, 828, 'Sotho, Southern', 'draft', 4.57),
('0bbd878b-7364-4d68-8a94-121e4c988bad', 'Development worker, community', 'b64950ba-822e-4f8b-945f-fa989dbbe9fc', 4, 458, 'Xhosa', 'draft', 3.75),
('a5e7cf52-0d96-46f2-9141-92f0861cb633', 'Engineer, structural', 'b64950ba-822e-4f8b-945f-fa989dbbe9fc', 1, 316, 'Malayalam', 'draft', 3.96),
('9bbffc0d-3539-4bc0-80d6-496aee07d0fe', 'Theatre manager', '6a806cd9-ab83-4141-8ca2-196bc67c03a6', 5, 697, 'Bengali', 'draft', 1.89),
('b72416d6-b070-440b-b17c-83496dd9d6c1', 'Administrator, Civil Service', '69d677d3-7a7a-4de5-acaa-d11e980e9e99', 1, 560, 'Ojibwa', 'draft', 3.5),
('a0a80418-4369-4989-952a-8cd8ae8c1317', 'Geographical information systems officer', '4c4fae21-98c5-4a54-938e-d96e46500189', 5, 957, 'Panjabi', 'draft', 1.37),
('fb3fd7bc-85b8-42de-a395-75530dc2bb03', 'Best boy', 'b64950ba-822e-4f8b-945f-fa989dbbe9fc', 5, 552, 'Guarani', 'draft', 3.54),
('f7642863-bd48-4c88-8d05-4b2a8623ed54', 'Bookseller', '4c4fae21-98c5-4a54-938e-d96e46500189', 5, 328, 'Kanuri', 'draft', 4.02),
('e59dfb00-cd56-4186-b1a6-1da8e57f6a00', 'Equities trader', '6a806cd9-ab83-4141-8ca2-196bc67c03a6', 1, 644, 'Gaelic', 'draft', 4.77),
('52ff4874-159e-4920-ac74-752df7c8c7e0', 'Best boy', '4c4fae21-98c5-4a54-938e-d96e46500189', 1, 831, 'Zhuang', 'draft', 3.2);

insert into public.lesson (id, title, type, score, theory_url, video_url, course_id) values ('34061055-509b-4595-a3c6-069cbb358eb9', 'Try growth trial fill police ago protect.', 'video', 91, '', 'http://www.brown-gray.com/', '7bfeedbf-dccf-4ad9-b8ed-90a16e05a338'),
('da0dc7fa-cba6-4823-b3ac-8794d1d1af04', 'Identify late standard.', 'practice', 61, '', '', '7bfeedbf-dccf-4ad9-b8ed-90a16e05a338'),
('a7656db9-a71b-4557-832e-29e4a1610810', 'Firm market child benefit.', 'video', 91, '', 'https://www.frank.com/', '0bbd878b-7364-4d68-8a94-121e4c988bad'),
('d6e92130-8a0d-4edf-833d-20bff6afa7a9', 'Produce of child.', 'practice', 71, '', '', '0bbd878b-7364-4d68-8a94-121e4c988bad'),
('7e64249d-a620-476c-882d-66d71d6e3dcb', 'Present ok popular.', 'video', 55, '', 'http://fitzgerald.org/', 'a5e7cf52-0d96-46f2-9141-92f0861cb633'),
('0a3a7b47-35eb-4514-9f69-4d4fd63b6d43', 'Institution laugh beyond.', 'practice', 39, '', '', 'a5e7cf52-0d96-46f2-9141-92f0861cb633'),
('60464c3f-7ea0-417c-82e5-9723149a2e2c', 'Main trip western five see commercial decade loss.', 'theory', 91, 'https://elliott.com/', '', '9bbffc0d-3539-4bc0-80d6-496aee07d0fe'),
('ceaeeb32-a910-4188-9c60-485ec2cd7982', 'Age land research.', 'practice', 81, '', '', '9bbffc0d-3539-4bc0-80d6-496aee07d0fe'),
('0d1406d6-5896-4eb7-90b6-f32b2cef55fb', 'Activity but church price key.', 'theory', 76, 'http://cochran.com/', '', 'b72416d6-b070-440b-b17c-83496dd9d6c1'),
('d0af04b4-95ce-4890-bf9a-f098092c49fe', 'Among build would wrong huge.', 'practice', 79, '', '', 'b72416d6-b070-440b-b17c-83496dd9d6c1'),
('9e2c5427-88d3-410e-bb6a-87cf85aaaf14', 'Identify hair defense try loss leg.', 'video', 47, '', 'https://hatfield.com/', 'a0a80418-4369-4989-952a-8cd8ae8c1317'),
('f1406e61-e3a9-4879-b5ef-4a58c240e247', 'Begin reflect cell indicate half bill.', 'practice', 96, '', '', 'a0a80418-4369-4989-952a-8cd8ae8c1317'),
('cfdd3782-058a-4eba-a6db-1ec8e22f637c', 'Although it stay able local.', 'theory', 62, 'https://robbins-mcgee.com/', '', 'fb3fd7bc-85b8-42de-a395-75530dc2bb03'),
('a7e09a98-937e-40a6-a689-098a4ac432a6', 'Require her movement door training.', 'practice', 1, '', '', 'fb3fd7bc-85b8-42de-a395-75530dc2bb03'),
('ade102c3-a352-457b-877b-513e685a4395', 'Keep deal change reason environment bed.', 'theory', 98, 'https://www.shea.com/', '', 'f7642863-bd48-4c88-8d05-4b2a8623ed54'),
('3137259e-4e88-4b55-927e-bb55f61e5961', 'Agreement street dog under action goal weight.', 'practice', 68, '', '', 'f7642863-bd48-4c88-8d05-4b2a8623ed54'),
('181e9882-e5ac-451b-b88a-4cdbf9383127', 'Sea simply school democratic medical maintain.', 'video', 87, '', 'https://fletcher.com/', 'e59dfb00-cd56-4186-b1a6-1da8e57f6a00'),
('2a42812e-e6f9-4c7c-b325-aa6a00d79eb4', 'Theory exactly represent matter let take expert run.', 'practice', 45, '', '', 'e59dfb00-cd56-4186-b1a6-1da8e57f6a00'),
('c57da9e6-4be8-491f-a53f-4b7c60859256', 'Analysis too religious one sometimes.', 'video', 82, '', 'https://www.galloway-hudson.com/', '52ff4874-159e-4920-ac74-752df7c8c7e0'),
('4407c286-ee7b-4349-9c48-e47e26fa44d4', 'Push morning wonder teacher small discussion.', 'practice', 41, '', '', '52ff4874-159e-4920-ac74-752df7c8c7e0');

insert into public.test (id, task_url, options, answer, score, level, lesson_id) values ('0ee852ec-64cc-4f39-bc43-236124092552', 'https://www.barton.net/', 'whether, president, experience', 'report', 28, 5, 'da0dc7fa-cba6-4823-b3ac-8794d1d1af04'),
('8b70d7f5-5c88-4195-ad6c-fb67520d7dbe', 'http://rodriguez.com/', 'resource, participant, perform', 'figure', 98, 3, 'ceaeeb32-a910-4188-9c60-485ec2cd7982'),
('6a709ce7-1e17-44a7-a23c-5f0083562962', 'https://www.parsons-jones.com/', 'western, month, white', 'treat', 14, 4, 'ceaeeb32-a910-4188-9c60-485ec2cd7982'),
('afee26fd-2b8e-4273-ad73-f21cdd9097d6', 'http://www.allen.com/', 'street, at, eye', 'financial', 21, 2, 'd6e92130-8a0d-4edf-833d-20bff6afa7a9'),
('469496e2-b000-4888-9927-042f64007884', 'https://hernandez.org/', 'kitchen, who, night', 'decide', 87, 2, 'd0af04b4-95ce-4890-bf9a-f098092c49fe'),
('15b50408-017d-42bb-b176-0c8f0f6d3f57', 'http://stafford-riggs.com/', 'lay, security, them', 'language', 12, 5, 'd0af04b4-95ce-4890-bf9a-f098092c49fe'),
('15028c08-4f64-4ffb-9c07-3f24cf1af881', 'http://ball-newman.org/', 'start, while, finish', 'international', 31, 1, '3137259e-4e88-4b55-927e-bb55f61e5961'),
('9e02e203-c4f4-45c0-9367-161a71b1db47', 'http://www.jones-mejia.com/', 'skin, officer, name', 'benefit', 43, 2, 'd6e92130-8a0d-4edf-833d-20bff6afa7a9'),
('1b8e6688-8d3f-4cd9-91a3-f7671298264c', 'http://mitchell.com/', 'effect, would, new', 'program', 1, 5, '2a42812e-e6f9-4c7c-b325-aa6a00d79eb4'),
('83aec059-0b15-45d0-a13b-085d62657ab9', 'https://www.tran-garcia.com/', 'manage, worry, drop', 'yeah', 84, 5, 'f1406e61-e3a9-4879-b5ef-4a58c240e247'),
('e57ce7dc-79cb-45d0-90f6-9dc73edcd769', 'http://stevens-campbell.com/', 'while, food, stop', 'class', 48, 2, 'ceaeeb32-a910-4188-9c60-485ec2cd7982'),
('ec2748b6-f989-4780-a851-8f91bdc28345', 'https://white-snyder.biz/', 'require, itself, through', 'prove', 10, 3, 'd6e92130-8a0d-4edf-833d-20bff6afa7a9'),
('bf36b09f-961e-42c9-8cdd-341aa969db4d', 'https://www.jimenez-wilson.org/', 'issue, clearly, also', 'who', 77, 5, 'a7e09a98-937e-40a6-a689-098a4ac432a6'),
('63fc1daf-7dc2-4390-b732-4a02a028a515', 'https://johnston.com/', 'brother, necessary, financial', 'low', 7, 5, '4407c286-ee7b-4349-9c48-e47e26fa44d4'),
('cba1e5b1-a5ea-495d-85d4-52e31eb99d8a', 'https://www.bush.com/', 'fall, lawyer, and', 'floor', 49, 1, 'ceaeeb32-a910-4188-9c60-485ec2cd7982'),
('3cd391c1-52ee-46cc-b495-c76507e4010f', 'http://johnson.com/', 'gas, job, later', 'open', 91, 2, 'd6e92130-8a0d-4edf-833d-20bff6afa7a9'),
('509837c1-6433-4b74-b486-d29ce700a9e6', 'https://mcdowell.com/', 'art, together, go', 'fly', 14, 4, 'ceaeeb32-a910-4188-9c60-485ec2cd7982'),
('4715a744-cf9e-44dc-b2cd-e403ae328e8c', 'https://gill.net/', 'bank, we, if', 'usually', 97, 4, 'da0dc7fa-cba6-4823-b3ac-8794d1d1af04'),
('a982c068-8c95-438c-8bee-b8e4c2002163', 'https://www.white.com/', 'sit, lose, adult', 'free', 91, 4, 'a7e09a98-937e-40a6-a689-098a4ac432a6'),
('87b779ef-03c7-416d-a853-e62d780a5c4a', 'http://holder.com/', 'hospital, at, table', 'raise', 97, 1, 'ceaeeb32-a910-4188-9c60-485ec2cd7982'),
('ec88c403-58b0-4e55-aaf7-539ac652083a', 'https://www.willis.org/', 'sound, voice, audience', 'open', 44, 2, 'f1406e61-e3a9-4879-b5ef-4a58c240e247'),
('03643fd1-05e1-49c2-b624-9b39a1bfcf5a', 'https://keller.com/', 'force, we, everybody', 'something', 83, 1, 'da0dc7fa-cba6-4823-b3ac-8794d1d1af04'),
('9f0cd09f-7332-4436-8ca7-4bc6e352e3d1', 'https://www.robles-green.com/', 'direction, film, but', 'stuff', 30, 1, '3137259e-4e88-4b55-927e-bb55f61e5961'),
('ef17fc7f-897a-4b2b-b6db-992693d0923f', 'http://www.stevens-lopez.net/', 'case, system, candidate', 'base', 6, 4, 'd0af04b4-95ce-4890-bf9a-f098092c49fe'),
('3b58792f-2034-473d-befb-db30c18668bb', 'https://smith.biz/', 'amount, threat, let', 'college', 65, 1, 'a7e09a98-937e-40a6-a689-098a4ac432a6'),
('4e3789ba-250e-4c36-be5f-8608b615b20f', 'http://www.martinez.com/', 'parent, skin, reduce', 'detail', 18, 5, '0a3a7b47-35eb-4514-9f69-4d4fd63b6d43'),
('f1852332-b532-4bc2-9f5f-a05b796c8c98', 'http://www.brown.com/', 'another, design, guy', 'number', 22, 5, 'ceaeeb32-a910-4188-9c60-485ec2cd7982'),
('690cbb51-6a84-4ec2-89e2-58e09fb5f244', 'http://dennis.com/', 'power, blue, action', 'trip', 17, 1, 'ceaeeb32-a910-4188-9c60-485ec2cd7982'),
('1e62f86f-b3af-4424-a7dd-f3c71ed67561', 'https://delgado.com/', 'daughter, majority, perhaps', 'deal', 40, 2, 'd0af04b4-95ce-4890-bf9a-f098092c49fe'),
('f0623c0f-6dfe-4ad9-9cfa-69afa1d9e2bc', 'https://morgan.com/', 'shoulder, exist, event', 'fall', 43, 3, 'f1406e61-e3a9-4879-b5ef-4a58c240e247'),
('5f276dac-b9d1-48c9-b22c-d8154df87057', 'http://www.sanders.org/', 'nice, south, population', 'stuff', 15, 3, 'f1406e61-e3a9-4879-b5ef-4a58c240e247'),
('1e7bf178-9014-44aa-8aad-0a7387dee769', 'http://allen.com/', 'pattern, price, compare', 'late', 40, 1, 'a7e09a98-937e-40a6-a689-098a4ac432a6'),
('35b537ef-27a4-42cf-8e9c-a7681fee793d', 'http://martin.com/', 'floor, theory, section', 'a', 71, 1, 'da0dc7fa-cba6-4823-b3ac-8794d1d1af04'),
('e275c7ec-9a14-4311-bca5-a524fea89632', 'http://anderson.com/', 'fear, ball, often', 'hospital', 46, 5, 'ceaeeb32-a910-4188-9c60-485ec2cd7982'),
('d8f3ab89-1280-4d4c-9c52-74f730e7824f', 'http://lane.info/', 'because, friend, reflect', 'pull', 86, 2, '2a42812e-e6f9-4c7c-b325-aa6a00d79eb4'),
('f61de6b9-c10c-4ce7-afe4-b9e4007e4057', 'https://www.zuniga-sanchez.com/', 'quality, edge, fight', 'do', 81, 4, '2a42812e-e6f9-4c7c-b325-aa6a00d79eb4'),
('3894a397-20e5-4c67-9a76-3b500c84329f', 'https://www.evans.com/', 'major, including, fine', 'ten', 47, 3, '4407c286-ee7b-4349-9c48-e47e26fa44d4'),
('2c9d3e13-fd32-467d-8177-753cbb4d8fec', 'http://taylor-johnson.net/', 'debate, both, building', 'soldier', 94, 4, 'f1406e61-e3a9-4879-b5ef-4a58c240e247'),
('69382355-4728-44cd-bbdc-3b402786050c', 'http://www.jordan.com/', 'culture, hundred, buy', 'both', 45, 5, '2a42812e-e6f9-4c7c-b325-aa6a00d79eb4'),
('180bbfbf-9b4a-4bce-928b-2c31ba0a219f', 'https://www.williams-armstrong.com/', 'physical, later, approach', 'moment', 55, 1, '2a42812e-e6f9-4c7c-b325-aa6a00d79eb4'),
('7cbfa04d-6a6c-46fc-8c6b-98672b3fff0f', 'http://olsen.org/', 'seven, draw, finally', 'energy', 27, 2, 'da0dc7fa-cba6-4823-b3ac-8794d1d1af04'),
('24d3ebf4-cefb-4739-9f20-382c00a81656', 'http://www.brooks.com/', 'receive, get, protect', 'life', 18, 4, '2a42812e-e6f9-4c7c-b325-aa6a00d79eb4'),
('b0036991-6c40-4cf1-b6a4-28eeca24b281', 'https://www.andrews-hatfield.com/', 'party, will, it', 'Congress', 46, 2, '3137259e-4e88-4b55-927e-bb55f61e5961'),
('7d89efb8-56e9-41f0-b735-ac50fce2194e', 'https://mora.com/', 'message, federal, describe', 'experience', 100, 1, 'd6e92130-8a0d-4edf-833d-20bff6afa7a9'),
('c9860a0e-4cac-4645-9fe0-a18bbd087a17', 'https://www.martinez.net/', 'pattern, American, know', 'worker', 73, 5, 'd0af04b4-95ce-4890-bf9a-f098092c49fe'),
('9f16ade6-d6d8-4193-ab96-23f4d4df8225', 'http://jordan.net/', 'manager, goal, wrong', 'college', 38, 5, '0a3a7b47-35eb-4514-9f69-4d4fd63b6d43'),
('676c1a70-32a8-4821-8970-a233cabf1128', 'https://atkinson.biz/', 'big, upon, call', 'garden', 19, 4, '4407c286-ee7b-4349-9c48-e47e26fa44d4'),
('e32a4626-43c3-4ce9-8255-3cb07ca35589', 'https://dominguez-duncan.com/', 'company, case, product', 'however', 79, 1, 'a7e09a98-937e-40a6-a689-098a4ac432a6'),
('35c34e00-7ef1-4ae0-b1cd-a86947ee892b', 'https://www.andrews.com/', 'set, up, soon', 'kitchen', 93, 3, 'a7e09a98-937e-40a6-a689-098a4ac432a6'),
('f1c5293d-3014-4725-ae5f-8f7bb83c733d', 'http://www.reyes-miller.biz/', 'by, candidate, try', 'mouth', 40, 2, '3137259e-4e88-4b55-927e-bb55f61e5961');

